,0
spring,185.32222495003194
js,180.44314145274092
javascript,180.03328621113556
java,163.07563155813892
developer,150.97133917013903
jquery,134.25651654966632
sql,128.41495720202468
ui,118.21443949185215
angular,113.60108372394991
python,112.84299337089013
html,109.81762457627157
css,105.9911886165103
ajax,104.00052847096133
hibernate,95.2048101891393
html5,89.15783001036462
bootstrap,85.36152249854098
css3,84.95663126001936
jsp,83.38370287715156
react,82.84446583320255
mvc,80.81968046276651
web,79.45325352382744
software,79.01491078381008
server,71.93912254485429
oracle,71.80845213859669
j2ee,71.33329799205164
services,69.39854653971867
environment,68.05063370423099
node,67.01429961502474
django,66.13952359239002
xml,62.87452936524392
span,62.769443918900976
front,62.62690266232026
git,60.701387638193175
php,58.84692194675909
net,57.62071581167722
mysql,57.514566313832205
development,56.28131955544642
junit,56.06016589397139
engineer,55.47156567409144
design,54.21244949925583
struts,53.534981698148776
apache,53.442787865835534
angularjs,51.19667391559892
asp,49.7138796793049
soap,49.665258868287445
json,49.129181348266464
eclipse,48.48728137651758
aws,48.206644722252484
framework,47.474870639414874
end,46.781500166534386
application,46.154107774087564
ca,45.53232153163137
maven,45.181189344078035
agile,43.334115116850825
api,41.92721417005168
class,41.73507468637245
jenkins,41.49216893930488
jdbc,40.91819310540582
redux,40.643652534455434
data,40.3204520405141
adobe,39.35341775429807
servlets,39.27817827559183
sass,38.544579316137934
hl,38.441403554669506
jira,38.341182780803436
sr,38.099330623662915
science,38.05487691534522
linux,37.378897383155355
user,37.09328607485437
university,36.79589527185857
may,36.745878367314575
windows,36.5550542320034
august,36.134418401101115
skills,35.536008680087086
computer,34.7895248381
visual,34.54960397546432
ms,34.52934195023582
pl,34.51610099089105
june,34.34053189198117
svn,33.88938377341207
tomcat,33.80348369951702
wordpress,33.6856543114219
developed,33.385794462930185
january,33.36183849411655
management,33.179533816785195
jms,33.12655242344179
ux,32.72324472552141
photoshop,32.67288443910036
march,32.46107487478671
scrum,32.29570916213656
boot,31.86774663343548
senior,31.75303263713179
service,31.59736564096015
object,31.51762706660585
december,31.38949550492489
jasmine,31.387566529354523
stack,30.76427076974096
september,30.742773412866704
project,30.716625887369574
studio,30.63409268873407
